<?xml version="1.0" encoding="UTF-8"?>
<project-private xmlns="http://www.netbeans.org/ns/project-private/1">
    <editor-bookmarks xmlns="http://www.netbeans.org/ns/editor-bookmarks/2" lastBookmarkId="0"/>
    <open-files xmlns="http://www.netbeans.org/ns/projectui-open-files/2">
        <group>
            <file>file:/C:/Users/Alexander/Documents/NetBeansProjects/Survey/src/survey/Register.java</file>
            <file>file:/C:/Users/Alexander/Documents/NetBeansProjects/Survey/src/survey/Login.java</file>
            <file>file:/C:/Users/Alexander/Documents/NetBeansProjects/Survey/src/survey/Main.java</file>
            <file>file:/C:/Users/Alexander/Documents/NetBeansProjects/Survey/src/survey/Menu.java</file>
            <file>file:/C:/Users/Alexander/Documents/NetBeansProjects/Survey/src/DataManagment/AdminManager.java</file>
            <file>file:/C:/Users/Alexander/Documents/NetBeansProjects/Survey/src/survey/Survey.java</file>
        </group>
    </open-files>
</project-private>
